{
  "IcoMoonType": "selection",
  "icons": [
    {
      "icon": {
        "paths": [
          "M402.746 877.254l-320-320c-24.994-24.992-24.994-65.516 0-90.51l320-320c24.994-24.992 65.516-24.992 90.51 0 24.994 24.994 24.994 65.516 0 90.51l-210.746 210.746h613.49c35.346 0 64 28.654 64 64s-28.654 64-64 64h-613.49l210.746 210.746c12.496 12.496 18.744 28.876 18.744 45.254s-6.248 32.758-18.744 45.254c-24.994 24.994-65.516 24.994-90.51 0z"
        ],
        "tags": [
          "arrow-left",
          "left",
          "previous"
        ],
        "defaultCode": 59968,
        "grid": 16,
        "attrs": []
      },
      "attrs": [],
      "properties": {
        "ligatures": "arrow-left2, left4",
        "name": "arrow-back",
        "order": 2,
        "id": 321,
        "prevSize": 32
      },
      "setIdx": 0,
      "setId": 1,
      "iconIdx": 320
    }
  ],
  "height": 1024,
  "preferences": {
    "showGlyphs": true,
    "showQuickUse": true,
    "showQuickUse2": true,
    "showSVGs": true,
    "fontPref": {
      "prefix": "icon-",
      "metadata": {
        "fontFamily": "icomoon"
      },
      "metrics": {
        "emSize": 1024,
        "baseline": 6.25,
        "whitespace": 50
      },
      "embed": false
    },
    "imagePref": {
      "prefix": "icon-",
      "png": true,
      "useClassSelector": true,
      "color": 0,
      "bgColor": 16777215,
      "classSelector": ".icon",
      "name": "icomoon"
    },
    "historySize": 50,
    "showCodes": true,
    "gridSize": 16
  }
}